location_HQ;Region;State;Country;latitude;longitude;;
Adelaide;;;Australia;-34,9281805;138,5999312;;
Agoura Hills;;California;USA;34,14791;-118,7657042;;
Ahmedabad;;;India;23,0216238;72,5797068;;
Alameda;San Francisco Bay Area;California;USA;37,6090291;-121,899142;;
Amsterdam;;;Netherlands;52,3730796;4,8924534;;
Ann Arbor;;;USA;42,2813722;-83,7484616;;
Atlanta;;;USA;33,7489924;-84,3902644;;
Auckland;;;New Zealand;-36,852095;174,7631803;;
Austin;;;USA;30,2711286;-97,7436995;;
Baltimore;;;USA;39,2908816;-76,610759;;
Bangkok;;;Thailand;13,7524938;100,4935089;;
Barcelona;;;Spain;41,3828939;2,1774322;;
Bejing;;;China;39,9057136;116,3912972;;
Belleville;;;USA;38,5135805;-89,9841627;;
Belo Horizonte;;;Brazil;-19,9227318;-43,9450948;;
Bend;;;USA;44,0581728;-121,3153096;;
Bengaluru;;;India;12,98815675;77,62260004;;
Berkeley;San Francisco Bay Area;California;USA;37,8708393;-122,272863;;
Berlin;;;Germany;52,5170365;13,3888599;;
Blumenau;;;Brazil;-26,9195567;-49,0658025;;
Boise;;;USA;43,6166163;-116,200886;;
Boston;;;USA;42,3554334;-71,060511;;
Boulder;;;USA;40,0149856;-105,270545;;
Brisbane;;;Australia;-27,4689682;153,0234991;;
Bristol;;;UK;51,4538022;-2,5972985;;
Brno;;;Czech Republic;49,1922443;16,6113382;;
Buenos Aires;;;Argentina;-34,6037181;-58,38153;;
Burlingame;San Francisco Bay Area;California;USA;37,5780965;-122,3473099;;
Burlington;;;USA;44,4761601;-73,212906;;
Calgary;;;Canada;51,0456064;-114,057541;;
Camarillo;;;USA;34,2176371;-119,0383541;;
Campbell;San Francisco Bay Area;California;USA;37,287167;-121,949959;;
Cayman Islands;;;Cayman Islands;19,70318225;-79,91746272;;
Charleston;;;USA;32,7884363;-79,9399309;;
Chennai;;;India;13,0836939;80,270186;;
Chester;;;UK;53,1908873;-2,8908955;;
Chicago;;;USA;41,8755616;-87,6244212;;
Cincinnati;;;USA;39,1014537;-84,5124602;;
Columbus;;;USA;39,9622601;-83,0007065;;
Copenhagen;;;Denmark;55,6867243;12,5700724;;
Coral Gables;;;USA;25,7331105;-80,2585107;;
Corvallis;;;USA;44,5645659;-123,2620435;;
Cupertino;San Francisco Bay Area;California;USA;37,3228934;-122,0322895;;
Curitiba;;;Brazil;-25,4295963;-49,2712724;;
Dakar;;;Senegal;14,693425;-17,447938;;
Dallas;;;USA;32,7762719;-96,7968559;;
Denver;;;USA;39,7392364;-104,984862;;
Detroit;;;USA;42,3315509;-83,0466403;;
Dover;;;USA;39,158168;-75,5243682;;
Dubai;;;United Arabian Emirates;25,276987;55,296249;;
Dublin;;;Ireland;53,3493795;-6,2605593;;
Durham;;;USA;35,996653;-78,9018053;;
Edinburgh;;;UK;55,9533456;-3,1883749;;
Espoo;;;Finland;60,2047672;24,6568435;;
Ferdericton;;;Canada;45,964993;-66,646332;;
Florianopolis;;;Brazil;-27,5973002;-48,5496098;;
Forster City;San Francisco Bay Area;California;USA;37,5585465;-122,2710788;;
Fort Collins;;;USA;40,5871782;-105,0770113;;
Frankfurt am Main;;;Germany;50,1106444;8,6820917;;
Fremont;San Francisco Bay Area;California;USA;37,5482697;-121,988571;;
Fresno;;;USA;36,7394421;-119,78483;;
Ghent;;;Belgium;51,0538286;3,7250121;;
Gilroy;San Francisco Bay Area;California;USA;37,0065078;-121,5631723;;
Gothenburg;;;Sweden;57,7072326;11,9670171;;
Greenwood Village;;;USA;39,6172101;-104,950814;;
Guadalajara;;;Mexico;20,6720375;-103,338396;;
Gurugram;;;India;28,4646148;77,0299194;;
Haifa;;;Israel;32,799313;34,98957172;;
Hamburg;;;Germany;53,550341;10,000654;;
Hartford;;;USA;41,764582;-72,6908547;;
Hayward;San Francisco Bay Area;California;USA;37,6688205;-122,080796;;
Helsinki;;;Finland;60,1674881;24,9427473;;
Hong Kong;;;Hong Kong;22,2793278;114,1628131;;
Hoofddorp;;;Netherlands;52,305554;4,6926644;;
Huntington Beach;;California;USA;33,6783336;-118,000016;;
Indianapolis;;;USA;39,7683331;-86,1583502;;
Indonesia;;;Indonesia;-2,4833826;117,8902853;;
Jakarta;;;Indonesia;-6,175247;106,8270488;;
Jerusalem;;;Israel;31,78847185;35,21879441;;
Joinville;;;Brazil;-26,3044898;-48,8486726;;
Kansas City;;;USA;39,100105;-94,5781416;;
Karachi;;;Pakistan;24,8546842;67,0207055;;
Karlsruhe;;;Germany;49,0068705;8,4034195;;
Kfar Saba;;;Israel;32,18023485;34,9180542;;
Kiel;;;Germany;54,3227085;10,135555;;
Kitchener;;;Canada;43,451291;-80,4927815;;
Krakow;;;Poland;50,0469432;19,99715344;;
Kuala Lumpur;;;Malaysia;3,1516964;101,6942371;;
Lagos;;;Nigeria;6,4550575;3,3941795;;
Las Vegas;;;USA;36,1672559;-115,148516;;
Leamington Spa;;;UK;52,2913394;-1,536404;;
Lehi;;;USA;40,3881114;-111,8486019;;
Lisbon;;;Portugal;38,7077507;-9,1365919;;
Lodz;;;Poland;51,7687323;19,4569911;;
Logan;;;USA;40,1075089;-89,3768539;;
London;;;UK;51,4893335;-0,144055085;;
Los Angeles;;California;USA;34,0536909;-118,242766;;
Los Gatos;San Francisco Bay Area;California;USA;37,226611;-121,9746797;;
Madison;;;USA;43,074761;-89,3837613;;
Madrid;;;Spain;40,4167047;-3,7035825;;
Malmö;;;Sweden;55,6052931;13,0001566;;
Manchester;;;UK;53,4794892;-2,2451148;;
Melbourne;;;Australia;-37,8142454;144,9631732;;
Memphis;;;USA;35,1460249;-90,0517638;;
Menlo Park;San Francisco Bay Area;California;USA;37,4519671;-122,177992;;
Mexico City;;;Mexico;19,4326296;-99,1331785;;
Miami;;;USA;25,7741728;-80,19362;;
Milpitas;San Francisco Bay Area;California;USA;37,4332273;-121,8989248;;
Milwaukee;;;USA;43,0386475;-87,9090751;;
Minneapolis;;;USA;44,9772995;-93,2654692;;
Missoula;;;USA;46,8701049;-113,995267;;
Montevideo;;;Uruquay;-34,901112;-56,164532;;
Montreal;;;Canada;45,5031824;-73,5698065;;
Moscow;;;Russia;55,7505412;37,6174782;;
Mountain View;San Francisco Bay Area;California;USA;37,3893889;-122,0832101;;
Mumbai;;;India;19,0785451;72,878176;;
Munich;;;Germany;48,1371079;11,5753822;;
Nairobi;;;Kenya;-1,2832533;36,8172449;;
Nashik;;;India;20,0112475;73,7902364;;
Nashua;;;USA;42,7656251;-71,4677032;;
Nashville;;;USA;36,1622767;-86,7742984;;
Nebraska City;;;USA;40,676526;-95,858694;;
Ness Ziona;;;Israel;31,9208636;34,79413999;;
New Delhi;;;India;28,6138954;77,2090057;;
New York;;;USA;40,7127281;-74,0060152;;
New York City;;;USA;40,7127281;-74,0060152;;
Newark;San Francisco Bay Area;California;USA;37,52966;-122,04024;;
Noida;;;India;28,5706333;77,3272147;;
North Bethesda;San Francisco Bay Area;California;USA;37,773972;-122,431297;;
Norwalk;;;USA;41,1175966;-73,4078968;;
Oakland;San Francisco Bay Area;California;USA;37,8044557;-122,271356;;
Orlando;;;USA;28,5421109;-81,3790304;;
Oslo;;;Norway;59,9133301;10,7389701;;
Ottawa;;;Canada;45,4208777;-75,6901106;;
Oxford;;;UK;51,7520131;-1,2578499;;
Palo Alto;San Francisco Bay Area;California;USA;37,4443293;-122,1598465;;
Paris;;;France;48,8588897;2,320041022;;
Philadelphia;;;USA;39,9527237;-75,1635262;;
Phoenix;;;USA;33,4484367;-112,074141;;
Pittsburgh;;;USA;40,4416941;-79,9900861;;
Pleasanton;San Francisco Bay Area;California;USA;37,6624312;-121,8746789;;
Portland;;;USA;45,5202471;-122,674194;;
Prague;;;Czech Republic;50,0874654;14,4212535;;
Pune;;;India;18,521428;73,8544541;;
Ra'anana;;;Israel;32,1860244;34,8678359;;
Raleigh;;;USA;35,7803977;-78,6390989;;
Redwood City;San Francisco Bay Area;California;USA;37,4863239;-122,232523;;
Reno;;;USA;39,5261206;-119,8126581;;
Richmond;San Francisco Bay Area;California;USA;37,5385087;-77,43428;;
Sacramento;;;USA;38,5810606;-121,493895;;
Salisbury;;;UK;51,0690613;-1,7954134;;
Salt Lake City;;;USA;40,7596198;-111,886797;;
San Bruno;San Francisco Bay Area;California;USA;37,6248536;-122,4145986;;
San Carlos;San Francisco Bay Area;California;USA;37,504936;-122,261823;;
San Diego;;California;USA;32,7174202;-117,162772;;
San Francisco;San Francisco Bay Area;California;USA;37,7792588;-122,4193286;;
San Jose;San Francisco Bay Area;California;USA;37,3361663;-121,890591;;
San Leandro;San Francisco Bay Area;California;USA;37,7249296;-122,1560768;;
San Luis Obispo;;California;USA;35,3540209;-120,375716;;
San Mateo;San Francisco Bay Area;California;USA;37,496904;-122,3330573;;
San Rafael;San Francisco Bay Area;California;USA;37,9747795;-122,5316686;;
Santa Barbara;;California;USA;34,4221319;-119,702667;;
Santa Clara;San Francisco Bay Area;California;USA;37,354107;-121,955238;;
Santa Fe;;;USA;35,6876096;-105,938456;;
Santiago;;;Chile;-33,4377756;-70,6504502;;
Sao Paulo;;;Brazil;-23,5506507;-46,6333824;;
Saskatoon;;;Canada;52,131802;-106,660767;;
Seattle;;;USA;47,6038321;-122,330062;;
Seoul;;;South Korea;37,5666791;126,9782914;;
Shanghai;;;China;31,2312707;121,4700152;;
Sheffield;;;USA;34,7650888;-87,6986407;;
Singapore;;;Singapore;1,2899175;103,8519072;;
Spokane;;;USA;47,6571934;-117,42351;;
Stamford;;;USA;41,0534302;-73,5387341;;
Stockholm;;;Sweden;59,3251172;18,0710935;;
Sunnyvale;San Francisco Bay Area;California;USA;37,3688301;-122,036349;;
Sydney;;;Australia;-33,8698439;151,2082848;;
Tallinn;;;Estonia;59,4372155;24,7453688;;
Tampa;;;USA;27,9477595;-82,458444;;
Tampa Bay;;;USA;27,6886419;-82,5723193;;
Tel Aviv;;;Israel;32,0852997;34,7818064;;
Tokyo;;;Japan;35,6821936;139,762221;;
Toronto;;;Canada;43,6534817;-79,3839347;;
Vancouver;;;Canada;49,2608724;-123,113952;;
Vienna;;;Austria;48,2083537;16,3725042;;
Vilnius;;;Lithuania;54,6870458;25,2829111;;
Walldorf;;;Germany;49,3038134;8,6433518;;
Walnut;San Francisco Bay Area;California;USA;"	37,910076";-122,065186;;
Waltham;;;USA;42,3756401;-71,2358004;;
Warsaw;;;Poland;52,2337172;21,07143224;;
Washington DC;;;USA;38,8950368;-77,0365427;;
Waterloo;;;Canada;43,4652699;-80,5222961;;
Wellington;;;New Zealand;-41,2887953;174,7772114;;
Wilmington;;;USA;39,7459468;-75,546589;;
Xi'an;;;China;34,261004;108,9423363;;
Yavne;;;Israel;31,8768863;34,7382974;;
Zurich;;;Switzerland;47,3744489;8,5410422;;